name,paper_author,team_lead,projects,affiliation_2024,sector_2024,github_handle
Connor Rupnow ),0,0,13,University of British Columbia (former,,connorrupnow
Zartashia Afzal,1,0,16,"ICodeGuru, Quaid-i-Azam Campus, Lahore",Industry,zartashiafzal
Qianxiang Ai,1,1,22,"Massachusetts Institute of Technology, Cambridge, United States.",Academia,qai222
Alexander Al-Feghali,1,1,25,"McGill University, Montréal, QC H3A 0G4. Canada.",Academia,alxfgh
Mathieu Alain,1,1,35,"Department of Computer Science, University College London, London WC1E 6BT",Academia,mathieualain
Ricardo Valencia Albornoz,1,1,16,"University of Edinburgh, CH Waddington Building, King's Buildings",Academia,rvalenciaaz
Roozbeh Alishahian,0,1,34,University of Toronto,Academia,
Yannick Calvino Alonso,0,0,15,"Laboratory for Computational Molecular Design, EPFL, Switzerland",,YAY-C
Matias Altamirano,1,0,12,"Department of Statistical Science, University College London, London WC1E 6BT",Academia,maltamiranomontero
Thomas Andrews,1,1,37,"University of Melbourne, CSIRO, Australia.",Academia,TSAndrews
Andy S. Anker,1,1,1;24,"Department of Energy Conversion and Storage, Technical University of Denmark, Denmark.",Academia,
Rija Ansari,1,0,9,"National Research Council of Canada, Ottawa ON, K1A 0R6",Government,rija-ansari
Mehrad Ansari,1,1,14;34,"Acceleration Consortium, University of Toronto, Toronto",Academia,
Samuel Ampofo Appiah,1,0,24,"Ghana National Gas Company, Gas House, Ridge West",Industry,
Arifin,0,1,4,"JSR-ISM Smart Chemistry Lab, JSR Corporation",,
Raul Astudillo,1,0,16,"California Institute of Technology, Pasadena, United States.",Academia,RaulAstudillo06
Mohammad Erfan Toloue Sadegh Azadi,1,0,25,"McGill University, Montréal, QC H3A 0G4. Canada.",Academia,
Ruhana Azam,1,1,33,"Stanford University, Stanford, CA",Academia,
Mohammed Azzouzi,1,0,2,"Imperial College London, South Kensington, London SW7 2AZ",Academia,
Sterling G. Baird,1,0,,"Department of Mechanical Engineering, Brigham Young University, Provo",,
Ben Blaiszik,1,1,43,"University of Chicago, Chicago, United States.",Academia,blaiszik
Anna Borisova,1,1,41,"ETH Zurich, EPFL, Station 06",Academia,AnnaKelmanson
Florian Boser,0,0,15,"University of Münster, Germany",,FlorianBoser
Andres Bran,1,1,41,"ETH Zurich, EPFL, Station 06",Academia,doncamilom
Ksenia Briling,0,0,15,"Laboratory for Computational Molecular Design, EPFL, Switzerland",,briling
Darby Brown,0,1,23,EMD Electronics,Industry,
Suneel Kumar BVS,1,1,17,"Atomicas AI solutions private limited, Hyderabad, India.",Industry,suneelbvs
Pengfei Cai,1,1,27,"Massachusetts Institute of Technology, Cambridge, United States.",Academia,cpfpengfei
Christian Emmanuel Granados Cervantes,0,0,28,Autonomous University of Chihuahua,,Salario-Minimo
Yash Chauhan,0,0,19,National Institute of Science Education and Research,,
Xu Chen,0,1,34,University of Toronto,Academia,
Ting-Yeh Chen,1,0,21,"The Ohio State University, Columbus, United States.",Academia,
Curtis Chong,1,0,17,University of Waterloo,Academia,curtischong
Samantha Corapi,1,0,44,"Department of Chemistry, University of Toronto, Toronto",Academia,samanthacorapi
Mark Croxall,1,1,5,"Department of Chemistry, University of Toronto, Toronto",Academia,
Gbetondji Dovonon,1,0,2,"Department of Computer Science, University College London, London WC1E 6BT",Academia,jean72human
Jose Manuel Napoles Duarte,1,1,28,Autonomous University of Chihuahua,Academia,
Maryam Ebrahimiazar,0,1,34,University of Toronto,Academia,
Gage Erickson,1,0,,"Department of Manufacturing Engineering, Brigham Young University, Provo",,
Andrew Falkowski,1,1,3,"University of Utah, Salt Lake City, United States.",Academia,AndrewFalkowski
Giuseppe Fisicaro,1,0,24,"Institute for Microelectronics and Microsystems (IMM), National Research Council (CNR), Italy.",Academia,
Martin Fitzner,1,0,26,"Merck KGaA, Darmstadt, Germany",Industry,Scienfitz
Quinn Gallagher,1,0,8,"Princeton University, Department of Chemical and Biological Engineering, Princeton",Academia,QGallagher
Sabah Gaznaghi,1,0,16,"University of Queensland, Building 75, Australia.",Academia,sabah-gaznaghi
Jérôme Genzling,1,0,32,"McGill University, Montréal, QC H3A 0G4. Canada.",Academia,
Gabriel L. Graves,0,0,24,Georgia Institute of Technology,,
Christoph Griehl,1,1,22,"Max Planck Institute for Dynamics of Complex Technical Systems, Sandtorstraße 1, Germany.",Academia,dionyce
Ryan-Rhys Griffiths,1,1,35,"FutureHouse, San Francisco, United States.",Industry,Ryan-Rhys
Taicheng Guo,1,1,40,"University of Notre Dame, Notre Dame, United States.",Academia,taichengguo
Kehan Guo,1,0,40,"University of Notre Dame, Notre Dame, United States.",Academia,KehanGuo2
Ankur Gupta,1,0,8,"Lawrence Berkeley National Laboratory, Berkeley",Academia,ankur56
Nipun Gupta,1,0,20,"Acceleration Consortium, University of Toronto, Toronto",Academia,
Mohammad Haddadnia,1,1,45,"University Of Harvard, Harvard University, Massachusetts Hall",Academia,mohaddadnia
Yuyang Han,1,0,30;31,"University of California, Los Angeles, Los Angles",Academia,
Karim Ben Hicham,0,0,23,RWTH Aachen,Academia,
Oliver Hinder,0,0,6,University of Pittsburgh,,
Joscha Hoche,1,1,26,"Merck KGaA, Darmstadt, Germany",Industry,hochej
Alexander V. Hopp,1,0,26,"Merck KGaA, Darmstadt, Germany",Industry,AVHopp
Marko Huang,1,1,38,"Department of Chemistry, University of Toronto, Toronto",Academia,
Ayodeji Ijishakin,1,0,1,"Departmentt of Medical Physics \& Biomedical Engineering, University College London, London WC1E 6BT",Academia,
Ramsey Issa,1,0,3,"University of Utah, Salt Lake City, United States.",Academia,ramseyissa
Nima Jalili,0,0,42,MQS,,
Mark Nicholas Jones,0,1,42,MQS,,
Yeonghun Kang,1,1,45,"KAIST, KAIST (Korea Advanced Institute of Science and Technology), Yuseong-gu",Academia,yeonghun1675
Sartaaj Khan,0,1,34,University of Toronto,Academia,
Jungtaek Kim,1,1,6,"University of Pittsburgh, Pittsburgh, United States.",Academia,jungtaekkim
Akshay Kudva,1,0,21,"The Ohio State University, Columbus, United States.",Academia,
Rubén Laplaza,1,1,15,"Laboratory for Computational Molecular Design, EPFL, Switzerland",Academia,rlaplaza
Magdalena Lederbauer,1,1,41,"ETH Zurich, EPFL, Station 06",Academia,mlederbauer
Shi Xuan Leong,1,1,38,"Department of Chemistry, University of Toronto, Toronto",Academia,
Paul W. Leu,1,0,6,"University of Pittsburgh, Pittsburgh, United States.",Academia,
Mingxuan Li,1,0,6,"University of Pittsburgh, Pittsburgh, United States.",Academia,
Zhenzhu Li,0,0,1,Imperial College London,,lizhenzhupearl
Viola Muning Li,1,1,26,"Merck KGaA, Darmstadt, Germany",Industry,vola-m-li
Tao Liu,1,0,25,"McGill University, Montréal, QC H3A 0G4. Canada.",Academia,taoliu032
Stanley Lo,1,0,44,"Department of Chemistry, University of Toronto, Toronto",Academia,stanlo229
Jakub Lála,1,0,17,"Imperial College London, South Kensington, London SW7 2AZ",Academia,jakublala
Osman Mamun,1,1,18,Cornell University,Academia,
Joseph Manning,0,0,23,University of Manchester,Academia,jrhmanning
Alan Mansour,0,0,42,MQS,,
Owen Melville,1,1,20,"Acceleration Consortium, University of Toronto, Toronto",Academia,owen-melville
Elisa Mendoza,0,0,25,,,elisammz
Shane Michtavy,0,1,14,University of Rochester,,
Milind,0,0,42,MQS,,
Michail Mitsakis,1,0,7,"Technical University of Denmark (DTU), Argous 64 \& Potamou 77, Kifissia",Academia,lordmikerahl
Seyed Mohamad Moosavi,0,0,34,University of Toronto,Academia,
Cameron Movassaghi,1,1,30;31,"University of California, Los Angeles, Los Angles",Academia,
Marcel Mueller,0,1,26,Merck KGaA / EMD group and University of Bonn,,marcelmbn
Madhav Reddy Muthyala,1,0,21,"The Ohio State University, Columbus, United States.",Academia,
Marcel Müller,1,0,26,"Merck KGaA, Darmstadt, Germany / University of Bonn",Academia,
Akhil S. Nair,1,1,18,Fritz-Haber Institute of the Max-Planck Society,Academia,
Bozhao Nan,1,1,40,"University of Notre Dame, Notre Dame, United States.",Academia,bznan
Vijay Narasimhan,0,1,23,EMD Electronics,Industry,
Xuan Vu Nguyen,0,0,28,Università degli Studi di Milano Statale,,XuanVuNguyen
Duc Nguyen,1,1,36,"Stanford University, Stanford, CA",Academia,
Daniele Ongari,1,1,11,"Syensqo, Viale Lombardia 20, Bollate",Industry,danieleongari
Anthony Onwuli,1,1,28;35,"Imperial College London, South Kensington, London SW7 2AZ",Academia,AntObi
Sergio Pablo-Garcia,1,1,38,"Department of Chemistry, University of Toronto, Toronto",Academia,
Elton Pan,1,1,27,"Massachusetts Institute of Technology, Cambridge, United States.",Academia,eltonpan
Ratish Panda,1,0,16,"Birla Institute of Technology, Mesra, India.",Academia,imperorrp
Sean Park,1,1,45,"Department of Chemistry, University of Toronto, Toronto",Academia,seanhspark
Jaehee Park,1,0,9,"University of Chicago, Chicago, United States.",Academia,wogml1997
Joel A. Paulson,0,0,21,The Ohio State University,,
Brenden Pelkie,0,0,23,University of Washington,Academia,
Dieter Plessers,1,1,10,"KU Leuven, Belgium.",Academia,DieterPlessers
Tobias Ploetz,0,1,26,Merck KGaA / EMD group,,tobiasploetz
Tobias Plötz,1,0,26,"Merck KGaA, Darmstadt, Germany",Industry,
Johannes Poms,0,1,29,RCPE,,
Sabarikirishwaran Ponnambalam,0,1,19,Qubrid,,
Utkarsh Pratiush,0,0,23,University of Tennessee,Academia,
Maitreyee Sharma Priyadarshini,1,0,39,"Virginia Tech, Blacksburg, United States.",Academia,msharmap
Mahyar Rajabi,0,1,34,University of Toronto,Academia,
Ella M. Rajaonson,1,1,45,"Department of Chemistry, University of Toronto, Toronto",Academia,rajaonsonella
Mayk Caldas Ramos,0,1,14,University of Rochester,,
Bojana Ranković,1,1,41,"ETH Zurich, EPFL, Station 06",Academia,bojana-rankovic
Jarett Ren,1,0,39,"Johns Hopkins University, Baltimore, United States.",Academia,jren0
Hanie Rezaei,0,0,34,University of Toronto,Academia,
Rim Rihana,1,1,26,"Merck KGaA, Darmstadt, Germany",Industry,RimRihana
Jurgis Ruza,1,1,27,"Massachusetts Institute of Technology, Cambridge, United States.",Academia,JurgisR
Carter Salbego,1,0,3,"University of Utah, Salt Lake City, United States.",Academia,Knavecrix
Erick Lopez Saldivar,1,0,28,"Autonomous University of Chihuahua, Colonia Centro, Chih.",Academia,SilkenMocha
Arifin San,1,0,4,"JSR Corporation, JSR Bioscience and informatics R\&D center (JSR BiRD), Kawasaki-ku",Industry,
Christina Schenk,1,0,8,"IMDEA Materials Institute, Calle Eric Kandel 2, Tecnogetafe",Academia,schenkch
Leon Schlosser,0,0,15,"University of Münster, Germany",,le-schlo
Stefan P. Schmid,1,1,45,"ETH Zurich, Vladimir-Prelog-Weg 1, Switzerland.",Academia,stefanpschmid
Dylan Schubert,1,1,13,"Matterhorn Studio, Oxford, United Kingdom.",Industry,
Philippe Schwaller,1,1,41,"ETH Zurich, EPFL, Station 06",Academia,pschwllr
Alexandre Alain Schöpfer,0,0,15,"Laboratory for Computational Molecular Design, EPFL, Switzerland",,aa-schoepfer
Cher-Tian Ser,1,1,38,"Department of Chemistry, University of Toronto, Toronto",Academia,
Yuxin Shen,1,1,16,"University of Edinburgh, CH Waddington Building, King's Buildings",Academia,YuxinShen233
Kevin Shen,1,1,5,"NobleAI, San Francisco, United States.",Industry,
Jiale Shi,1,1,22,"Massachusetts Institute of Technology, Cambridge, United States.",Academia,shijiale0609
Farshud Sorourifar,1,1,21,"The Ohio State University, Columbus, United States.",Academia,
Taylor Sparks,1,0,3,"University of Utah, Salt Lake City, United States.",Academia,sp8rks
Jan Christopher Spies,1,0,17,"University of Muenster, Corrensstraße 40, Germany.",Academia,JanCSpies
Felix Strieth-Kalthoff,1,1,45,"University of Wuppertal, Germany, Gaußstraße 20",Academia,felix-s-k
Suraj Sudhakar,1,0,9,"University of Chicago, Chicago, United States.",Academia,surajsudhakar99
Aditya Sundar,1,1,18,Argonne National Laboratory,Government,
Alessio Tamburro,1,1,11,"Syensqo, Bristol, United States.",Industry,alessiot
Clara Tamura,1,0,16,"University of Washington, Seattle, United States.",Academia,tamuracn
Yifeng (Oliver) Tang,1,0,9,"University of Chicago, Chicago, United States.",Academia,
Oliver Tang,0,0,9,University of Chicago,,oytang
Dandan Tang,1,1,22,"University of Virginia, Charlottesville, United States.",Academia,DandanTang0
Nikhil Thota,1,1,39,"Johns Hopkins University, Baltimore, United States.",Academia,T-NIKHIL
Erfan Toloue,0,0,25,McGill University,,erfantoloue
Gary Tom,1,1,44,"Department of Chemistry, University of Toronto, Toronto",Academia,gkwt
Sang Truong,1,1,33;35;36,"Stanford University, Stanford, CA",Academia,sangttruong
Luis Walter,1,0,17,"Heidelberg University, Philosophenweg 19",Academia,daandtu
Lawrence Wang,1,1,5,"Erthos, Mississauga, ON L4W 4M8",Industry,
Fanjin Wang,1,1,8,"Department of Mechanical Engineering, University College London, London",Academia,FrankWanger
Andrew Wang,1,1,38,"Department of Chemistry, University of Toronto, Toronto",Academia,
Yiran Wang,1,0,39,"Massachusetts Institute of Technology, Cambridge, United States.",Academia,gigiwang08
Jeffrey Watchorn,1,0,,"Acceleration Consortium, University of Toronto, Toronto",,
Jeff Watchorn,0,0,20,Acceleration Consortium,Academia,jwatchorn
Jan Weinreich,0,1,15,"Laboratory for Computational Molecular Design, EPFL, Switzerland",,janweinreich
Benjamin Weiser,1,0,32,"McGill University, Montréal, QC H3A 0G4. Canada.",Academia,
Geemi Wellawatte,1,1,41,"ETH Zurich, EPFL, Station 06",Academia,geemi725
Alexander Wieczorek,1,0,7,"Empa - Swiss Federal Laboratories for Materials Science and Technology, Dübendorf",Government,Alex6022
Tim Würger,1,1,7,"Helmholtz-Zentrum Hereon, Germany.",Academia,koerper
Ilya Yakavets,1,0,20,"Acceleration Consortium, University of Toronto, Toronto",Academia,yakavetsiv
Elisa Margarita Mendoza Zamarripa,0,0,25,"Tokyo, Japan",Industry,
Mohammad Zargartalebi,0,0,34,University of Toronto,Academia,
Jakob Zeitler,1,1,1;2;12;13,"Matterhorn Studio, Oxford, United Kingdom.",Industry,jakobzeitler
Sylvester Zhang,1,0,25;32,"McGill University, Montréal, QC H3A 0G4. Canada.",Academia,
Yimu Zhao,1,0,20,"Acceleration Consortium, University of Toronto, Toronto",Academia,
Yanqiao Zhu,1,0,40,"University of California, Los Angeles, Los Angles",Academia,SXKDZ
Ruijie (Ray) Zhu,1,0,9,"University of Chicago, Chicago, United States.",Academia,
Ray Zhu,0,1,9,University of Chicago,,Ray16
Yunheng Zou,1,0,17,"University of Waterloo, Waterloo, Ontario",Academia,yunhzou
Can Özkan,1,1,7,"TU Delft, Mekelweg 5, the Netherlands.",Academia,canozkan42
Adrian Šošić,1,0,26,"Merck KGaA, Darmstadt, Germany",Industry,
